,R-Squared,MAE,MSE,MAPE
RFR(),0.800245028674928,0.9722222222222222,9.37962962962963,0.1596396298762495
